brand,model,model_year,milage,fuel_type,engine,transmission,ext_col,int_col,accident,clean_title,price
Ford,Utility Police Interceptor Base,2013,"51,000 mi.",E85 Flex Fuel,300.0HP 3.7L V6 Cylinder Engine Flex Fuel Capability,6-Speed A/T,Black,Black,At least 1 accident or damage reported,Yes,"$10,300"
Hyundai,Palisade SEL,2021,"34,742 mi.",Gasoline,3.8L V6 24V GDI DOHC,8-Speed Automatic,Moonlight Cloud,Gray,At least 1 accident or damage reported,Yes,"$38,005"
Lexus,RX 350 RX 350,2022,"22,372 mi.",Gasoline,3.5 Liter DOHC,Automatic,Blue,Black,None reported,,"$54,598"
INFINITI,Q50 Hybrid Sport,2015,"88,900 mi.",Hybrid,354.0HP 3.5L V6 Cylinder Engine Gas/Electric Hybrid,7-Speed A/T,Black,Black,None reported,Yes,"$15,500"
Audi,Q3 45 S line Premium Plus,2021,"9,835 mi.",Gasoline,2.0L I4 16V GDI DOHC Turbo,8-Speed Automatic,Glacier White Metallic,Black,None reported,,"$34,999"
Acura,ILX 2.4L,2016,"136,397 mi.",Gasoline,2.4 Liter,F,Silver,Ebony.,None reported,,"$14,798"
Audi,S3 2.0T Premium Plus,2017,"84,000 mi.",Gasoline,292.0HP 2.0L 4 Cylinder Engine Gasoline Fuel,6-Speed A/T,Blue,Black,None reported,Yes,"$31,000"
BMW,740 iL,2001,"242,000 mi.",Gasoline,282.0HP 4.4L 8 Cylinder Engine Gasoline Fuel,A/T,Green,Green,None reported,Yes,"$7,300"
Lexus,RC 350 F Sport,2021,"23,436 mi.",Gasoline,311.0HP 3.5L V6 Cylinder Engine Gasoline Fuel,6-Speed A/T,Black,Black,None reported,Yes,"$41,927"
Tesla,Model X Long Range Plus,2020,"34,000 mi.",,534.0HP Electric Motor Electric Fuel System,A/T,Black,Black,None reported,Yes,"$69,950"
Land,Rover Range Rover Sport 3.0 Supercharged HST,2021,"27,608 mi.",Gasoline,V6,Automatic,Fuji White,Pimento / Ebony,None reported,,"$73,897"
Aston,Martin DBS Superleggera,2019,"22,770 mi.",Gasoline,715.0HP 5.2L 12 Cylinder Engine Gasoline Fuel,8-Speed A/T,Silver,Black,None reported,Yes,"$184,606"
Toyota,Supra 3.0 Premium,2021,"12,500 mi.",Gasoline,382.0HP 3.0L Straight 6 Cylinder Engine Gasoline Fuel,A/T,Yellow,Black,None reported,Yes,"$53,500"
Lincoln,Aviator Reserve AWD,2022,"18,196 mi.",Gasoline,400.0HP 3.0L V6 Cylinder Engine Gasoline Fuel,Transmission w/Dual Shift Mode,Black,Brown,None reported,Yes,"$62,000"
Jaguar,F-TYPE,2020,"15,903 mi.",Gasoline,2.0 Liter Supercharged,Automatic,Silver,Black,None reported,,"$47,998"
Land,Rover LR4 HSE,2013,"79,800 mi.",Gasoline,375.0HP 5.0L 8 Cylinder Engine Gasoline Fuel,A/T,White,Black,None reported,Yes,"$29,990"
Mercedes-Benz,Metris Base,2021,"1,685 mi.",Gasoline,2.0L I4 16V GDI DOHC Turbo,9-Speed Automatic,Gray,White,None reported,Yes,"$250,000"
Dodge,Challenger SXT,2013,"61,074 mi.",Gasoline,305.0HP 3.6L V6 Cylinder Engine Gasoline Fuel,A/T,Black,Gray,None reported,Yes,"$16,800"
Nissan,350Z Enthusiast,2003,"74,000 mi.",Gasoline,287.0HP 3.5L V6 Cylinder Engine Gasoline Fuel,6-Speed M/T,Purple,–,None reported,Yes,"$11,000"
Jaguar,F-TYPE R,2018,"35,250 mi.",Gasoline,550.0HP 5.0L 8 Cylinder Engine Gasoline Fuel,8-Speed A/T,Green,Black,None reported,Yes,"$68,750"
Genesis,GV70 3.5T Sport,2023,"5,400 mi.",Gasoline,375.0HP 3.5L V6 Cylinder Engine Gasoline Fuel,8-Speed A/T,Green,Beige,,,"$60,000"
Chevrolet,S-10 LS,2000,"133,510 mi.",E85 Flex Fuel,120.0HP 2.2L 4 Cylinder Engine Flex Fuel Capability,A/T,Blue,Black,None reported,Yes,"$4,500"
BMW,440 Gran Coupe 440i xDrive,2020,"25,990 mi.",Gasoline,3.0 Liter Turbo,Automatic,White,Beige,None reported,,"$38,598"
Ford,F-150 XLT,2023,"2,823 mi.",Gasoline,3.5L V6 24V PDI DOHC Twin Turbo,Automatic,Iconic Silver Metallic,Black,None reported,Yes,"$58,504"
Chevrolet,Suburban RST,2021,"52,000 mi.",Gasoline,355.0HP 5.3L 8 Cylinder Engine Gasoline Fuel,10-Speed A/T,Blue,Black,None reported,Yes,"$61,000"
Hyundai,Elantra N Base,2022,"11,650 mi.",Gasoline,276.0HP 2.0L 4 Cylinder Engine Gasoline Fuel,Transmission w/Dual Shift Mode,Black,Black,None reported,Yes,"$32,300"
Nissan,Sentra SR,2016,"96,541 mi.",Gasoline,1.8 Liter,Automatic,Blue,Black,None reported,,"$13,998"
Mercedes-Benz,AMG CLA 45 Base 4MATIC,2021,"17,500 mi.",Gasoline,382.0HP 2.0L 4 Cylinder Engine Gasoline Fuel,A/T,Gray,Black,None reported,Yes,"$59,995"
BMW,650 Gran Coupe i xDrive,2015,"69,000 mi.",Gasoline,445.0HP 4.4L 8 Cylinder Engine Gasoline Fuel,8-Speed A/T,Gray,Black,None reported,Yes,"$25,700"
Audi,Q5 2.0T Premium Plus,2017,"81,880 mi.",E85 Flex Fuel,2.0L I4 16V GDI DOHC Turbo Flexible Fuel,8-Speed Automatic,Mythos Black Metallic,Black,None reported,Yes,"$21,375"
Mercedes-Benz,AMG C 43 Base 4MATIC,2018,"28,800 mi.",Gasoline,362.0HP 3.0L V6 Cylinder Engine Gasoline Fuel,9-Speed A/T,Silver,Black,None reported,Yes,"$48,000"
Dodge,Ram 1500 Laramie Mega Cab,2006,"300,183 mi.",Gasoline,345.0HP 5.7L 8 Cylinder Engine Gasoline Fuel,A/T,Silver,Gray,At least 1 accident or damage reported,Yes,"$10,900"
BMW,i3 120Ah w/Range Extender,2020,"35,035 mi.",Hybrid,120 AH,Automatic,Black,Black,None reported,,"$24,998"
Kia,Sorento SX,2011,"171,000 mi.",Gasoline,276.0HP 3.5L V6 Cylinder Engine Gasoline Fuel,A/T,Black,Black,None reported,Yes,"$5,999"
Lexus,LX 570 Base,2016,"118,700 mi.",Gasoline,383.0HP 5.7L 8 Cylinder Engine Gasoline Fuel,8-Speed A/T,Black,Beige,None reported,Yes,"$46,900"
Jeep,New Compass Trailhawk,2017,"119,000 mi.",Gasoline,180.0HP 2.4L 4 Cylinder Engine Gasoline Fuel,A/T,Red,Black,None reported,Yes,"$15,900"
BMW,340 i,2018,"44,261 mi.",Gasoline,3.0 Liter Turbo,Automatic,Gray,Black,None reported,,"$33,598"
Audi,A4 2.0T Premium Plus quattro,2012,"125,575 mi.",Gasoline,211.0HP 2.0L 4 Cylinder Engine Gasoline Fuel,8-Speed A/T,Silver,Black,None reported,Yes,"$8,999"
Hyundai,Tucson SE,2007,"16,200 mi.",Gasoline,173.0HP 2.7L V6 Cylinder Engine Gasoline Fuel,A/T,Gold,Beige,None reported,Yes,"$8,200"
BMW,Z4 sDrive28i,2014,"70,000 mi.",Gasoline,240.0HP 2.0L 4 Cylinder Engine Gasoline Fuel,A/T,White,Beige,At least 1 accident or damage reported,Yes,"$20,000"
Bentley,Continental GTC Base,2011,"20,200 mi.",E85 Flex Fuel,552.0HP 6.0L 12 Cylinder Engine Flex Fuel Capability,6-Speed A/T,Black,Black,None reported,Yes,"$79,950"
Honda,Passport Elite,2023,"2,978 mi.",Gasoline,3.5 Liter SOHC,Automatic,Lunar Silver Metallic,Gray,None reported,,"$45,498"
Dodge,Sprinter 2500,2007,"189,719 mi.",Diesel,3.0L V6 Cylinder Engine Diesel Fuel,5-Speed A/T,White,Gray,At least 1 accident or damage reported,Yes,"$14,000"
BMW,M850 i xDrive,2019,"9,949 mi.",Gasoline,4.4 Liter DOHC Twin Turbo,Automatic,Blue,Black,None reported,,"$75,798"
Lucid,Air Grand Touring,2022,"3,552 mi.",,536.0HP Electric Motor Electric Fuel System,1-Speed A/T,Red,Beige,None reported,Yes,"$119,999"
Audi,A7 Premium,2012,"54,000 mi.",Gasoline,310.0HP 3.0L V6 Cylinder Engine Gasoline Fuel,8-Speed A/T,Black,Brown,At least 1 accident or damage reported,Yes,"$36,880"
Chevrolet,Silverado 1500 Custom Trail Boss,2021,"51,351 mi.",Gasoline,5.3L V8 16V GDI OHV,Automatic,Black,Jet Black,None reported,Yes,"$43,147"
MINI,Convertible John Cooper Works,2017,"24,280 mi.",Gasoline,228.0HP 2.0L 4 Cylinder Engine Gasoline Fuel,6-Speed A/T,Black,Black,At least 1 accident or damage reported,Yes,"$29,000"
Toyota,Avalon Touring,2016,"89,148 mi.",Gasoline,268.0HP 3.5L V6 Cylinder Engine Gasoline Fuel,A/T,Black,Black,None reported,Yes,"$17,500"
Porsche,Cayenne Platinum Edition,2017,"73,043 mi.",Gasoline,300.0HP 3.6L V6 Cylinder Engine Gasoline Fuel,8-Speed A/T,White,Black,None reported,Yes,"$30,990"
Mercedes-Benz,AMG C 63 S,2017,"60,000 mi.",Gasoline,503.0HP 4.0L 8 Cylinder Engine Gasoline Fuel,Transmission w/Dual Shift Mode,Gray,Black,At least 1 accident or damage reported,Yes,"$52,500"
Honda,CR-V EX-L,2016,"73,549 mi.",Gasoline,2.4L I4 16V GDI DOHC,Automatic CVT,Mountain Air Metallic,Black,At least 1 accident or damage reported,,"$20,848"
Hummer,H2 Base,2005,"110,900 mi.",Gasoline,325.0HP 6.0L 8 Cylinder Engine Gasoline Fuel,A/T,Gray,Black,None reported,Yes,"$19,500"
Porsche,911 Carrera S,2013,"39,000 mi.",Gasoline,400.0HP 3.8L Flat 6 Cylinder Engine Gasoline Fuel,7-Speed A/T,Blue,Black,None reported,Yes,"$73,000"
Mercedes-Benz,CLA-Class CLA 250,2016,"120,000 mi.",Gasoline,208.0HP 2.0L 4 Cylinder Engine Gasoline Fuel,Transmission w/Dual Shift Mode,Black,Black,None reported,Yes,"$19,800"
Chrysler,300 Touring,2009,"134,602 mi.",Gasoline,250.0HP 3.5L V6 Cylinder Engine Gasoline Fuel,Transmission w/Dual Shift Mode,Blue,Black,None reported,Yes,"$7,500"
Nissan,Rogue SV,2023,"1,094 mi.",Gasoline,1.5L I3 12V GDI DOHC Turbo,Automatic CVT,Caspian Blue,Light Gray,None reported,,"$30,999"
Audi,A3 2.0T,2010,"83,500 mi.",Gasoline,200.0HP 2.0L 4 Cylinder Engine Gasoline Fuel,Transmission w/Dual Shift Mode,Silver,Black,None reported,Yes,"$6,500"
Ford,Mustang GT Premium,2014,"37,060 mi.",Gasoline,420.0HP 5.0L 8 Cylinder Engine Gasoline Fuel,6-Speed M/T,Black,Black,None reported,Yes,"$28,500"
Acura,RL Technology,2010,"97,700 mi.",Gasoline,300.0HP 3.7L V6 Cylinder Engine Gasoline Fuel,Transmission w/Dual Shift Mode,Blue,Beige,None reported,Yes,"$10,995"
Volvo,XC90 Hybrid T8 R-Design,2018,"40,000 mi.",Plug-In Hybrid,400.0HP 2.0L 4 Cylinder Engine Plug-In Electric/Gas,Transmission w/Dual Shift Mode,Black,Black,None reported,Yes,"$42,000"
Audi,R8 5.2 V10,2018,"8,940 mi.",Gasoline,5.2L V10 40V PDI DOHC,7-Speed Automatic with Auto-Shift,Tango Red Metallic,Black,None reported,,"$144,900"
Mercedes-Benz,GLK-Class GLK 350,2014,"186,000 mi.",Gasoline,302.0HP 3.5L V6 Cylinder Engine Gasoline Fuel,A/T,Black,Beige,At least 1 accident or damage reported,Yes,"$10,000"
Toyota,C-HR LE,2021,"13,180 mi.",Gasoline,2.0 Liter,CVT-F,–,–,None reported,,"$23,998"
Lexus,IS 350 Base,2014,"104,000 mi.",Gasoline,306.0HP 3.5L V6 Cylinder Engine Gasoline Fuel,8-Speed A/T,Black,Black,None reported,Yes,"$21,000"
BMW,X4 M40i,2023,"8,500 mi.",Hybrid,382.0HP 3.0L Straight 6 Cylinder Engine Gasoline/Mild Electric Hybrid,Transmission w/Dual Shift Mode,Gray,Beige,None reported,Yes,"$67,900"
BMW,M4 CS,2019,"19,069 mi.",Gasoline,3.0 Liter DOHC Turbo,Automatic,Alpine White,Anthracite,None reported,,"$69,998"
Cadillac,CT5 Premium Luxury,2023,"6,090 mi.",Gasoline,237.0HP 2.0L 4 Cylinder Engine Gasoline Fuel,A/T,White,Beige,None reported,Yes,"$46,900"
Lucid,Air Grand Touring,2022,"4,900 mi.",,536.0HP Electric Motor Electric Fuel System,1-Speed A/T,Red,Black,None reported,Yes,"$99,000"
Audi,A5 2.0T Premium Plus,2019,"47,523 mi.",Gasoline,248.0HP 2.0L 4 Cylinder Engine Gasoline Fuel,Transmission w/Dual Shift Mode,Black,Black,None reported,Yes,"$31,000"
Chrysler,300C SRT8,2006,"43,000 mi.",Gasoline,425.0HP 6.1L 8 Cylinder Engine Gasoline Fuel,5-Speed A/T,Silver,Black,At least 1 accident or damage reported,Yes,"$19,995"
Bentley,Continental GT W12,2017,"14,684 mi.",Gasoline,582.0HP 6.0L 12 Cylinder Engine Gasoline Fuel,8-Speed A/T,White,White,None reported,Yes,"$130,000"
BMW,M4 Base,2019,"57,800 mi.",Gasoline,425.0HP 3.0L Straight 6 Cylinder Engine Gasoline Fuel,Transmission w/Dual Shift Mode,Black,Red,None reported,Yes,"$55,999"
Toyota,GR Corolla Circuit Edition,2023,952 mi.,Gasoline,300.0HP 1.6L 3 Cylinder Engine Gasoline Fuel,6-Speed M/T,Silver,Gray,None reported,Yes,"$49,950"
Audi,RS 5 2.9T,2019,"21,240 mi.",Gasoline,444.0HP 2.9L V6 Cylinder Engine Gasoline Fuel,8-Speed A/T,Black,Black,At least 1 accident or damage reported,Yes,"$59,950"
Porsche,Cayenne Base,2019,"59,338 mi.",Gasoline,335.0HP 3.0L V6 Cylinder Engine Gasoline Fuel,Transmission w/Dual Shift Mode,Black,Black,None reported,Yes,"$42,499"
Lamborghini,Huracan Tecnica Coupe,2023,255 mi.,Gasoline,"5.2L V-10 gasoline direct injection, DOHC, variable valve contro",Automatic,BLU ELEOS,Nero Ade,None reported,,"$359,991"
Maserati,Quattroporte S,2019,"23,230 mi.",Gasoline,424.0HP 3.0L V6 Cylinder Engine Gasoline Fuel,8-Speed A/T,Black,Black,None reported,Yes,"$44,999"
Jaguar,XF 35t R-Sport,2017,"48,000 mi.",Gasoline,340.0HP 3.0L V6 Cylinder Engine Gasoline Fuel,A/T,Red,Black,At least 1 accident or damage reported,Yes,"$30,000"
Lexus,ES 330 Base,2005,"41,059 mi.",Gasoline,225.0HP 3.3L V6 Cylinder Engine Gasoline Fuel,5-Speed A/T,White,Beige,None reported,Yes,"$11,100"
Land,Rover Discovery Sport SE R-Dynamic,2020,"21,240 mi.",Gasoline,2.0 Liter,Automatic,White,Black,None reported,,"$37,998"
Porsche,Cayman GTS,2015,"11,500 mi.",Gasoline,340.0HP 3.4L Flat 6 Cylinder Engine Gasoline Fuel,7-Speed A/T,Silver,–,None reported,Yes,"$72,000"
Genesis,G90 3.3T Premium,2021,"9,950 mi.",Gasoline,365.0HP 3.3L V6 Cylinder Engine Gasoline Fuel,8-Speed A/T,Silver,Blue,None reported,Yes,"$53,950"
Volkswagen,Golf R 20th Anniversary Edition,2023,633 mi.,Gasoline,315.0HP 2.0L 4 Cylinder Engine Gasoline Fuel,6-Speed M/T,White,Black,None reported,Yes,"$47,999"
Hyundai,Sonata Hybrid Limited,2015,"66,000 mi.",Hybrid,199.0HP 2.4L 4 Cylinder Engine Gas/Electric Hybrid,A/T,White,Gray,At least 1 accident or damage reported,Yes,"$15,900"
Audi,RS 7 4.0T Prestige,2014,"59,715 mi.",Gasoline,560.0HP 4.0L 8 Cylinder Engine Gasoline Fuel,A/T,Gray,Black,At least 1 accident or damage reported,Yes,"$45,000"
BMW,740 Li,2012,"85,252 mi.",Gasoline,326.0HP 3.0L Straight 6 Cylinder Engine Gasoline Fuel,6-Speed A/T,Black,Black,None reported,Yes,"$18,500"
Mercedes-Benz,GLS 450 Base 4MATIC,2020,"17,900 mi.",Hybrid,362.0HP 3.0L Straight 6 Cylinder Engine Gasoline/Mild Electric Hybrid,9-Speed A/T,Black,Black,At least 1 accident or damage reported,Yes,"$80,000"
BMW,M6 Base,2016,"25,500 mi.",Gasoline,560.0HP 4.4L 8 Cylinder Engine Gasoline Fuel,7-Speed A/T,White,Black,None reported,Yes,"$55,000"
Subaru,Forester 2.5 X,2004,"210,703 mi.",Gasoline,165.0HP 2.5L 4 Cylinder Engine Gasoline Fuel,M/T,Green,Beige,,,"$2,300"
Hyundai,Elantra N Base,2023,"3,800 mi.",Gasoline,276.0HP 2.0L 4 Cylinder Engine Gasoline Fuel,6-Speed M/T,White,Black,None reported,Yes,"$34,000"
Kia,Niro Plug-In Hybrid EX Premium,2022,"36,602 mi.",Hybrid,1.6L I4 16V GDI DOHC Hybrid,6-Speed Automatic with Auto-Shift,Horizon Blue,Charcoal,None reported,Yes,"$31,995"
Rivian,R1S Adventure Package,2023,"2,800 mi.",,835.0HP Electric Motor Electric Fuel System,1-Speed A/T,White,Green,None reported,Yes,"$92,000"
Aston,Martin DBS Superleggera,2021,"2,165 mi.",Gasoline,5.2L V12 48V GDI DOHC Twin Turbo,8-Speed Automatic,Black,Black,None reported,Yes,"$279,950"
Mercedes-Benz,SLC 300 Base,2018,"33,000 mi.",Gasoline,241.0HP 2.0L 4 Cylinder Engine Gasoline Fuel,9-Speed A/T,Red,Black,At least 1 accident or damage reported,Yes,"$29,900"
BMW,435 Gran Coupe i,2016,"76,009 mi.",Gasoline,300.0HP 3.0L Straight 6 Cylinder Engine Gasoline Fuel,8-Speed A/T,White,Beige,None reported,Yes,"$24,950"
Jeep,Grand Cherokee Summit,2020,"31,349 mi.",Gasoline,5.7L V8 16V MPFI OHV,8-Speed Automatic,Granite Crystal Clearcoat Metallic,Black,None reported,,"$39,366"
Lexus,RC 350 Base,2015,"48,000 mi.",Gasoline,306.0HP 3.5L V6 Cylinder Engine Gasoline Fuel,Transmission w/Dual Shift Mode,Orange,Red,None reported,Yes,"$32,900"
BMW,525 i,2005,"91,420 mi.",Gasoline,215.0HP 2.5L Straight 6 Cylinder Engine Gasoline Fuel,6-Speed A/T,Black,Black,None reported,Yes,"$8,900"
Toyota,Corolla LE,2003,"124,756 mi.",Gasoline,130.0HP 1.8L 4 Cylinder Engine Gasoline Fuel,M/T,Beige,Beige,At least 1 accident or damage reported,Yes,"$4,995"
Cadillac,CT5-V Blackwing,2023,"2,415 mi.",Gasoline,6.2L V8 16V GDI OHV Supercharged,10-Speed Automatic,Rift Metallic,Gray,None reported,,"$104,900"
GMC,Acadia SLT-1,2012,"116,226 mi.",Gasoline,288.0HP 3.6L V6 Cylinder Engine Gasoline Fuel,6-Speed A/T,Black,Black,None reported,Yes,"$7,900"
Lexus,LC 500 Base,2020,"37,869 mi.",Gasoline,5.0L V8 32V PDI DOHC,10-Speed Automatic,Atomic Silver,Rioja Red,None reported,,"$75,950"
BMW,i8 Base,2019,"41,500 mi.",Plug-In Hybrid,369.0HP 1.5L 3 Cylinder Engine Plug-In Electric/Gas,Transmission w/Dual Shift Mode,White,Black,None reported,Yes,"$86,000"
Lexus,ES 300h Base,2013,"87,001 mi.",Hybrid,200.0HP 2.5L 4 Cylinder Engine Gas/Electric Hybrid,CVT Transmission,Gold,Beige,None reported,Yes,"$17,995"
Cadillac,CT5-V V-Series,2022,"4,451 mi.",Gasoline,3.0L V6 24V GDI DOHC Twin Turbo,Automatic,Summit White,Jet Black,At least 1 accident or damage reported,Yes,"$55,655"
BMW,540 i xDrive,2020,"27,158 mi.",Gasoline,2.0 Liter Turbo,Automatic,Imperial Blue Metallic,Canberra Beige/Black,None reported,,"$39,998"
Chevrolet,Express 1500 Work Van,2014,"139,804 mi.",Gasoline,195.0HP 4.3L V6 Cylinder Engine Gasoline Fuel,A/T,White,Gray,At least 1 accident or damage reported,Yes,"$14,500"
Jeep,Gladiator Rubicon,2022,"27,300 mi.",Gasoline,285.0HP 3.6L V6 Cylinder Engine Gasoline Fuel,A/T,Green,Black,None reported,Yes,"$47,500"
BMW,Z4 sDrive28i,2014,"36,812 mi.",Gasoline,240.0HP 2.0L 4 Cylinder Engine Gasoline Fuel,Transmission w/Dual Shift Mode,White,Beige,None reported,Yes,"$27,000"
Land,Rover LR4 HSE LUX Landmark Edition,2016,"144,000 mi.",Gasoline,340.0HP 3.0L V6 Cylinder Engine Gasoline Fuel,8-Speed A/T,Black,Black,At least 1 accident or damage reported,Yes,"$18,000"
Cadillac,XT4 Sport,2019,"44,500 mi.",Gasoline,237.0HP 2.0L 4 Cylinder Engine Gasoline Fuel,9-Speed A/T,Blue,White,None reported,Yes,"$28,900"
BMW,750 750i xDrive,2021,"10,917 mi.",Gasoline,4.4 Liter Twin Turbo,Automatic,Black,Black,None reported,,"$73,998"
Bentley,Arnage R,2005,"8,332 mi.",Gasoline,400.0HP 6.75L 8 Cylinder Engine Gasoline Fuel,4-Speed A/T,White,Beige,None reported,Yes,"$47,350"
Lincoln,Aviator Reserve AWD,2020,"51,247 mi.",Gasoline,3.0 Liter GTDI,Automatic,Magnetic Gray Clearcoat,Roast,None reported,,"$47,698"
Mercedes-Benz,AMG GL AMG GL 63 4MATIC,2016,"69,000 mi.",Gasoline,550.0HP 5.5L 8 Cylinder Engine Gasoline Fuel,Transmission w/Dual Shift Mode,Black,Brown,None reported,Yes,"$36,500"
RAM,ProMaster 3500 High Roof,2021,"147,834 mi.",Gasoline,3.6L V6 24V MPFI DOHC,6-Speed Automatic,Bright White Clearcoat,Black,None reported,Yes,"$32,662"
Ford,Utility Police Interceptor Base,2013,"105,000 mi.",E85 Flex Fuel,300.0HP 3.7L V6 Cylinder Engine Flex Fuel Capability,A/T,White,Black,At least 1 accident or damage reported,Yes,"$6,600"
Audi,A5 2.0T Premium,2011,"92,203 mi.",Gasoline,211.0HP 2.0L 4 Cylinder Engine Gasoline Fuel,Transmission w/Dual Shift Mode,Red,Beige,None reported,Yes,"$9,995"
Nissan,GT-R Premium,2010,"15,600 mi.",Gasoline,485.0HP 3.8L V6 Cylinder Engine Gasoline Fuel,Transmission w/Dual Shift Mode,White,Black,None reported,Yes,"$69,500"
Land,Rover Range Rover Sport 3.0L Supercharged HSE,2018,"104,700 mi.",Gasoline,V6,Automatic,Fuji White,Ivory / Ebony,At least 1 accident or damage reported,,"$30,775"
Toyota,Corolla LE,2010,"72,348 mi.",Gasoline,132.0HP 1.8L 4 Cylinder Engine Gasoline Fuel,A/T,Red,Gray,At least 1 accident or damage reported,Yes,"$9,995"
Rivian,R1S Adventure Package,2023,"2,500 mi.",,835.0HP Electric Motor Electric Fuel System,A/T,Green,White,None reported,Yes,"$94,000"
Mercedes-Benz,C-Class C300 4MATIC,2022,"13,177 mi.",Gasoline,2.0 Liter Turbo,Automatic,White,Silk Beige/Black,None reported,,"$44,798"
Porsche,Cayenne E-Hybrid S,2016,"96,000 mi.",Plug-In Hybrid,416.0HP 3.0L V6 Cylinder Engine Plug-In Electric/Gas,Transmission w/Dual Shift Mode,White,Red,At least 1 accident or damage reported,Yes,"$23,000"
Chevrolet,Express 1500 Work Van,2011,"93,009 mi.",E85 Flex Fuel,5.3L V8 16V MPFI OHV Flexible Fuel,4-Speed Automatic,Summit White,Medium Pewter,None reported,Yes,"$22,495"
INFINITI,Q70h Base,2016,"52,750 mi.",Hybrid,360.0HP 3.5L V6 Cylinder Engine Gas/Electric Hybrid,7-Speed A/T,White,Black,At least 1 accident or damage reported,Yes,"$28,998"
Audi,A7 Premium Plus,2020,"25,361 mi.",Hybrid,3.0 Liter Turbo,Automatic,Typhoon Gray,Black,None reported,,"$49,998"
Audi,Q7 3.0T Premium Plus,2015,"98,527 mi.",Gasoline,280.0HP 3.0L V6 Cylinder Engine Gasoline Fuel,8-Speed A/T,Black,Black,,,"$9,995"
Lucid,Air Pure,2023,"1,300 mi.",,620.0HP Electric Motor Electric Fuel System,A/T,Black,Gray,,,"$86,900"
Chrysler,Pacifica Touring,2017,"87,305 mi.",–,–,9-Speed A/T,Silver,Black,None reported,Yes,"$9,000"
Audi,TTS 2.0T Premium Plus,2012,"72,922 mi.",Gasoline,265.0HP 2.0L 4 Cylinder Engine Gasoline Fuel,6-Speed A/T,White,Black,,,"$25,999"
BMW,650 Gran Coupe i xDrive,2015,"41,000 mi.",Gasoline,445.0HP 4.4L 8 Cylinder Engine Gasoline Fuel,8-Speed A/T,Black,Black,None reported,Yes,"$30,000"
Subaru,Forester Premium,2021,"42,125 mi.",Gasoline,2.5L H4 16V GDI DOHC,Automatic CVT,Crystal Black Silica,Black,None reported,Yes,"$27,899"
Mercedes-Benz,AMG C AMG C 63,2016,"62,000 mi.",Gasoline,469.0HP 4.0L 8 Cylinder Engine Gasoline Fuel,Transmission w/Dual Shift Mode,Black,Black,None reported,Yes,"$40,000"
Land,Rover LR3 HSE,2006,"153,843 mi.",Gasoline,300.0HP 4.4L 8 Cylinder Engine Gasoline Fuel,6-Speed A/T,Red,Beige,At least 1 accident or damage reported,Yes,"$9,950"
BMW,X7 xDrive40i,2019,"35,248 mi.",Gasoline,3.0 Liter Twin Turbo,Automatic,Arctic Gray Metallic,Black,None reported,,"$53,998"
Ford,Transit Connect XLT,2015,"194,454 mi.",Gasoline,169.0HP 2.5L 4 Cylinder Engine Gasoline Fuel,6-Speed A/T,White,Black,None reported,Yes,"$9,888"
Lexus,LX 570 Three-Row,2021,"21,000 mi.",Gasoline,383.0HP 5.7L 8 Cylinder Engine Gasoline Fuel,Transmission w/Dual Shift Mode,White,Black,None reported,Yes,"$89,999"
Porsche,911 Carrera S,2013,"18,494 mi.",Gasoline,400.0HP 3.8L Flat 6 Cylinder Engine Gasoline Fuel,7-Speed M/T,Black,Black,,,"$86,900"
Dodge,Ram 2500 Laramie Quad Cab,2006,"218,000 mi.",Gasoline,330.0HP 5.7L 8 Cylinder Engine Gasoline Fuel,4-Speed A/T,Red,Gray,None reported,Yes,"$12,990"
Nissan,Armada SL,2021,"67,800 mi.",Gasoline,400.0HP 5.6L 8 Cylinder Engine Gasoline Fuel,7-Speed A/T,Silver,Black,At least 1 accident or damage reported,Yes,"$36,500"
Porsche,Cayman Base,2014,"79,000 mi.",Gasoline,275.0HP 2.7L Flat 6 Cylinder Engine Gasoline Fuel,Transmission w/Dual Shift Mode,Red,Black,At least 1 accident or damage reported,Yes,"$42,999"
Mercedes-Benz,GLE 450 GLE 450,2022,"24,906 mi.",Hybrid,3.0 Liter Turbo,Automatic,Selenite Grey Metallic,Black,None reported,,"$63,998"
Chevrolet,Monte Carlo SS,2006,"66,840 mi.",Gasoline,303.0HP 5.3L 8 Cylinder Engine Gasoline Fuel,A/T,White,Gray,At least 1 accident or damage reported,Yes,"$12,000"
BMW,M5 Base,2013,"86,000 mi.",Gasoline,560.0HP 4.4L 8 Cylinder Engine Gasoline Fuel,Transmission w/Dual Shift Mode,Blue,White,None reported,Yes,"$32,000"
Hyundai,Kona N Base,2023,654 mi.,Gasoline,2.0L I4 16V GDI DOHC Turbo,8-Speed Automatic with Auto-Shift,Ultra Black,Black,None reported,Yes,"$34,599"
Chevrolet,Monte Carlo SS,2005,"75,000 mi.",Gasoline,240.0HP 3.8L V6 Cylinder Engine Gasoline Fuel,A/T,Black,Black,None reported,Yes,"$12,500"
Land,Rover Range Rover Evoque Pure,2015,"84,000 mi.",Gasoline,240.0HP 2.0L 4 Cylinder Engine Gasoline Fuel,9-Speed A/T,Beige,Black,At least 1 accident or damage reported,Yes,"$22,800"
Audi,S7 4.0T Premium Plus,2017,"52,500 mi.",Gasoline,450.0HP 4.0L 8 Cylinder Engine Gasoline Fuel,Transmission w/Dual Shift Mode,Gray,Gray,None reported,Yes,"$39,999"
GMC,Acadia SLT-1,2011,"120,000 mi.",Gasoline,288.0HP 3.6L V6 Cylinder Engine Gasoline Fuel,6-Speed A/T,Silver,Gray,None reported,Yes,"$7,500"
Alfa,Romeo Stelvio Ti Sport,2020,"18,665 mi.",Gasoline,2.0L I4 16V GDI SOHC Turbo,8-Speed Automatic,Lunare White Metallic,Ice,None reported,Yes,"$35,645"
Ferrari,FF Base,2016,"19,987 mi.",Gasoline,651.0HP 6.3L 12 Cylinder Engine Gasoline Fuel,7-Speed A/T,Black,Brown,None reported,Yes,"$149,900"
Kia,K900 5.0L,2017,"36,486 mi.",Gasoline,420.0HP 5.0L 8 Cylinder Engine Gasoline Fuel,8-Speed A/T,Black,Beige,At least 1 accident or damage reported,Yes,"$23,950"
Ford,E150 XLT,2013,"162,100 mi.",E85 Flex Fuel,255.0HP 5.4L 8 Cylinder Engine Flex Fuel Capability,4-Speed A/T,Black,Gray,None reported,Yes,"$12,500"
Tesla,Model 3 Performance,2022,"13,079 mi.",,455.0HP Electric Motor Electric Fuel System,A/T,Black,White,None reported,Yes,"$47,000"
Toyota,4Runner SR5,2022,"28,377 mi.",Gasoline,4.0L V6 24V MPFI DOHC,5-Speed Automatic,Silver,Gray,None reported,,"$36,999"
Subaru,Forester Base,2020,"32,744 mi.",Gasoline,182.0HP 2.5L 4 Cylinder Engine Gasoline Fuel,CVT Transmission,Black,Gray,None reported,Yes,"$24,000"
Porsche,Panamera 2,2012,"54,000 mi.",Gasoline,300.0HP 3.6L V6 Cylinder Engine Gasoline Fuel,A/T,White,–,At least 1 accident or damage reported,Yes,"$26,000"
Toyota,Tacoma PreRunner,2008,"202,055 mi.",Gasoline,236.0HP 4.0L V6 Cylinder Engine Gasoline Fuel,A/T,Silver,Gray,At least 1 accident or damage reported,Yes,"$8,500"
RAM,2500 Laramie,2019,"65,000 mi.",Diesel,370.0HP 6.7L Straight 6 Cylinder Engine Diesel Fuel,6-Speed A/T,Black,Black,None reported,Yes,"$65,000"
Kia,Sportage Nightfall,2022,"9,686 mi.",Gasoline,2.4L I4 16V GDI DOHC,6-Speed Automatic,Hyper Red,Black,None reported,Yes,"$30,990"
Cadillac,DTS Base,2010,"49,620 mi.",Gasoline,275.0HP 4.6L 8 Cylinder Engine Gasoline Fuel,A/T,White,Gray,None reported,Yes,"$10,499"
Toyota,Land Cruiser Base,1997,"213,000 mi.",Gasoline,212.0HP 4.5L Straight 6 Cylinder Engine Gasoline Fuel,4-Speed A/T,White,Beige,None reported,Yes,"$26,500"
Nissan,GT-R Premium,2020,"16,010 mi.",Gasoline,565.0HP 3.8L V6 Cylinder Engine Gasoline Fuel,A/T,White,Black,None reported,Yes,"$114,000"
Lexus,NX 350 F SPORT Handling,2023,820 mi.,Gasoline,2.4 Liter,8-SPEED AT,Black,Black,None reported,,"$51,998"
Audi,Q7 45 Premium Plus,2021,"68,000 mi.",Gasoline,248.0HP 2.0L 4 Cylinder Engine Gasoline Fuel,8-Speed A/T,Blue,Black,None reported,Yes,"$36,499"
Lexus,LX 470 Base,1999,"82,000 mi.",Gasoline,230.0HP 4.7L 8 Cylinder Engine Gasoline Fuel,A/T,White,Beige,None reported,Yes,"$25,000"
GMC,Terrain SLE,2022,"27,352 mi.",Gasoline,1.5L I4 16V GDI DOHC Turbo,9-Speed Automatic,Summit White,Jet Black,None reported,,"$27,785"
Ford,Escape Limited,2012,"129,000 mi.",Gasoline,171.0HP 2.5L 4 Cylinder Engine Gasoline Fuel,A/T,White,Gray,At least 1 accident or damage reported,Yes,"$7,000"
Lexus,LS 460 L,2014,"106,731 mi.",Gasoline,360.0HP 4.6L 8 Cylinder Engine Gasoline Fuel,8-Speed A/T,White,Beige,At least 1 accident or damage reported,Yes,"$30,000"
Ford,Expedition Platinum,2019,"34,672 mi.",Gasoline,400.0HP 3.5L V6 Cylinder Engine Gasoline Fuel,10-Speed A/T,White,White,None reported,Yes,"$45,500"
Chevrolet,Malibu LTZ,2010,"55,900 mi.",Gasoline,252.0HP 3.6L V6 Cylinder Engine Gasoline Fuel,Transmission w/Dual Shift Mode,Beige,Beige,None reported,Yes,"$8,950"
Audi,RS 7 4.0T quattro,2023,"3,158 mi.",Gasoline,4.0L V8 32V GDI DOHC Twin Turbo,1-Speed Automatic,Daytona Gray Pearl Effect,Black / Express Red,None reported,,"$128,900"
Audi,A5 2.0T Premium Plus,2015,"82,000 mi.",Gasoline,220.0HP 2.0L 4 Cylinder Engine Gasoline Fuel,8-Speed A/T,White,Brown,None reported,Yes,"$17,000"
Genesis,G70 2.0T,2023,"4,785 mi.",Gasoline,2.0L I4 16V GDI DOHC Turbo,Automatic,Vik Black,Obsidian Black,None reported,Yes,"$42,850"
Chevrolet,Trailblazer LS,2021,"20,497 mi.",Gasoline,1.3L I3 12V GDI DOHC Turbo,9-Speed Automatic,Pacific Blue Metallic,Black,None reported,,"$22,999"
Scion,tC Base,2013,"177,600 mi.",Gasoline,180.0HP 2.5L 4 Cylinder Engine Gasoline Fuel,6-Speed A/T,Silver,Black,At least 1 accident or damage reported,Yes,"$7,100"
Lincoln,MKZ Hybrid Base,2014,"78,568 mi.",Hybrid,188.0HP 2.0L 4 Cylinder Engine Gas/Electric Hybrid,A/T,Blue,Beige,None reported,Yes,"$15,500"
Ford,Transit-350 XL,2018,"95,000 mi.",E85 Flex Fuel,275.0HP 3.7L V6 Cylinder Engine Flex Fuel Capability,A/T,White,Gray,None reported,Yes,"$43,000"
Porsche,911 GT2 RS,2018,"4,529 mi.",Gasoline,3.8L H6 24V GDI DOHC Twin Turbo,7-Speed Automatic with Auto-Shift,Black,Black,None reported,Yes,"$417,500"
Ford,Explorer Timberline,2021,"25,240 mi.",Gasoline,2.3L I4 16V GDI DOHC Turbo,10-Speed Automatic,Gray,Ebony,At least 1 accident or damage reported,,"$39,951"
Volvo,XC90 3.2,2011,"88,300 mi.",Gasoline,235.0HP 3.2L Straight 6 Cylinder Engine Gasoline Fuel,A/T,Blue,Beige,At least 1 accident or damage reported,Yes,"$11,500"
Chevrolet,Avalanche LTZ,2013,"98,000 mi.",E85 Flex Fuel,320.0HP 5.3L 8 Cylinder Engine Flex Fuel Capability,6-Speed A/T,Silver,Black,At least 1 accident or damage reported,Yes,"$27,499"
Audi,TT RS 2.5T,2018,"20,675 mi.",Gasoline,400.0HP 2.5L 5 Cylinder Engine Gasoline Fuel,Transmission w/Dual Shift Mode,Gray,Gray,None reported,Yes,"$76,000"
Lincoln,Navigator L,2008,"95,000 mi.",Gasoline,300.0HP 5.4L 8 Cylinder Engine Gasoline Fuel,A/T,Black,Black,None reported,Yes,"$10,900"
Hyundai,Elantra GLS,2010,"107,000 mi.",Gasoline,138.0HP 2.0L 4 Cylinder Engine Gasoline Fuel,4-Speed A/T,Blue,Blue,At least 1 accident or damage reported,Yes,"$6,250"
Audi,SQ5 3.0T Premium Plus,2016,"60,000 mi.",Gasoline,354.0HP 3.0L V6 Cylinder Engine Gasoline Fuel,Transmission w/Dual Shift Mode,Black,Black,At least 1 accident or damage reported,Yes,"$24,700"
Mitsubishi,Lancer Evolution GSR,2012,"33,000 mi.",Gasoline,291.0HP 2.0L 4 Cylinder Engine Gasoline Fuel,5-Speed M/T,Black,Black,None reported,Yes,"$34,999"
Tesla,Model Y Performance,2023,500 mi.,,455.0HP Electric Motor Electric Fuel System,1-Speed A/T,Black,White,None reported,Yes,"$60,000"
Mercedes-Benz,Maybach S S 600,2016,"108,500 mi.",Gasoline,523.0HP 6.0L 12 Cylinder Engine Gasoline Fuel,7-Speed A/T,White,Beige,None reported,Yes,"$63,500"
Nissan,GT-R Premium,2017,"37,800 mi.",Gasoline,565.0HP 3.8L V6 Cylinder Engine Gasoline Fuel,Transmission w/Dual Shift Mode,Orange,Orange,None reported,Yes,"$149,500"
Mercedes-Benz,GLS 550 Base 4MATIC,2018,"74,422 mi.",Gasoline,4.7 Liter Twin Turbo,Automatic,Obsidian Black Metallic,Gray,None reported,,"$44,798"
Chevrolet,Blazer Premier,2019,"55,621 mi.",Gasoline,3.6L V6 24V GDI DOHC,9-Speed Automatic,Silver Ice Metallic,Jet Black,None reported,,"$34,562"
Mazda,CX-9 Grand Touring,2021,"46,707 mi.",Gasoline,2.5L I4 16V GDI DOHC Turbo,6-Speed Automatic,Sonic Silver Metallic,Black,At least 1 accident or damage reported,Yes,"$32,541"
Ford,Expedition Max Limited,2022,"26,500 mi.",Gasoline,440.0HP 3.5L V6 Cylinder Engine Gasoline Fuel,A/T,White,Beige,None reported,Yes,"$65,900"
Nissan,Titan XD SV,2020,"10,001 mi.",Gasoline,5.6L V8 32V GDI DOHC,9-Speed Automatic,Black,Black,None reported,Yes,"$47,214"
Lexus,LX 570 Three-Row,2019,"19,050 mi.",Gasoline,383.0HP 5.7L 8 Cylinder Engine Gasoline Fuel,8-Speed A/T,Black,Beige,None reported,Yes,"$76,900"
Chevrolet,Traverse Premier,2020,"52,000 mi.",Gasoline,310.0HP 3.6L V6 Cylinder Engine Gasoline Fuel,A/T,White,Black,None reported,Yes,"$35,800"
Mercedes-Benz,Sprinter High Roof,2014,"65,000 mi.",Diesel,188.0HP 3.0L V6 Cylinder Engine Diesel Fuel,7-Speed A/T,Black,Black,At least 1 accident or damage reported,Yes,"$54,999"
BMW,X5 3.0i,2004,"140,000 mi.",Gasoline,225.0HP 3.0L Straight 6 Cylinder Engine Gasoline Fuel,Transmission w/Dual Shift Mode,Black,Beige,None reported,Yes,"$6,730"
Ford,Fusion SE,2018,"75,600 mi.",Gasoline,181.0HP 1.5L 4 Cylinder Engine Gasoline Fuel,A/T,Blue,Black,At least 1 accident or damage reported,Yes,"$14,950"
Lincoln,MKZ Base,2015,"117,292 mi.",Gasoline,240.0HP 2.0L 4 Cylinder Engine Gasoline Fuel,A/T,Beige,Beige,None reported,Yes,"$12,000"
Ford,GT,2005,"1,897 mi.",Gasoline,5.4 Liter SC DOHC,Manual,White,–,None reported,,"$429,998"
Genesis,G90 5.0 Ultimate,2017,"26,000 mi.",Gasoline,420.0HP 5.0L 8 Cylinder Engine Gasoline Fuel,Transmission w/Dual Shift Mode,White,Beige,None reported,Yes,"$33,600"
Lexus,LC 500 Base,2022,"2,071 mi.",Gasoline,5.0L V8 32V PDI DOHC,Automatic,Nightfall Mica,Caramel,None reported,,"$99,950"
Ford,Shelby GT500 Base,2014,"15,629 mi.",Gasoline,5.8L V8 32V MPFI DOHC Supercharged,6-Speed Manual,Black,Black,None reported,,"$61,900"
Saturn,Sky Base,2008,"15,020 mi.",Gasoline,173.0HP 2.4L 4 Cylinder Engine Gasoline Fuel,A/T,Silver,Red,None reported,Yes,"$18,500"
Audi,RS Q8 4.0T quattro,2022,"11,322 mi.",Gasoline,4.0L V8 32V GDI DOHC Twin Turbo,8-Speed Automatic,Daytona Gray Pearl Effect,Black / Express Red,None reported,,"$119,900"
Toyota,Land Cruiser,2016,"50,361 mi.",Gasoline,5.7 Liter,Automatic,Silver,Black,None reported,,"$65,998"
Mercedes-Benz,SL-Class SL 550,2013,"115,000 mi.",Gasoline,429.0HP 4.6L 8 Cylinder Engine Gasoline Fuel,Transmission w/Dual Shift Mode,Black,Black,At least 1 accident or damage reported,Yes,"$36,000"
Porsche,911 Carrera C2S,2005,"28,500 mi.",Gasoline,355.0HP 3.8L Flat 6 Cylinder Engine Gasoline Fuel,6-Speed M/T,Silver,Black,None reported,Yes,"$63,500"
Mercedes-Benz,AMG GLA 45 Base 4MATIC,2018,"51,700 mi.",Gasoline,375.0HP 2.0L 4 Cylinder Engine Gasoline Fuel,Transmission w/Dual Shift Mode,White,Black,None reported,Yes,"$32,000"
Ford,Taurus X Limited,2008,"148,949 mi.",Gasoline,263.0HP 3.5L V6 Cylinder Engine Gasoline Fuel,A/T,Blue,Beige,None reported,Yes,"$3,900"
BMW,440 Gran Coupe i,2018,"39,300 mi.",Gasoline,320.0HP 3.0L Straight 6 Cylinder Engine Gasoline Fuel,8-Speed A/T,White,Beige,At least 1 accident or damage reported,Yes,"$31,750"
Honda,S2000 CR,2008,"82,323 mi.",Gasoline,237.0HP 2.2L 4 Cylinder Engine Gasoline Fuel,6-Speed M/T,Black,Black,None reported,Yes,"$28,500"
Acura,Integra w/A-Spec Tech Package,2023,"3,574 mi.",Gasoline,1.5 Liter Turbo,Variable,Apex Blue,Orchid,None reported,,"$34,998"
Ford,Excursion Limited,2001,"109,357 mi.",Gasoline,310.0HP 6.8L 10 Cylinder Engine Gasoline Fuel,A/T,Green,Beige,None reported,Yes,"$12,749"
Mercedes-Benz,SL-Class SL500 Roadster,2004,"46,000 mi.",Gasoline,302.0HP 5.0L 8 Cylinder Engine Gasoline Fuel,A/T,White,Gray,None reported,Yes,"$18,853"
Mercedes-Benz,CLS-Class CLS 550,2007,"123,112 mi.",Gasoline,382.0HP 5.5L 8 Cylinder Engine Gasoline Fuel,A/T,Silver,Black,At least 1 accident or damage reported,Yes,"$104,999"
INFINITI,G35 Sport,2007,"37,100 mi.",Gasoline,306.0HP 3.5L V6 Cylinder Engine Gasoline Fuel,6-Speed M/T,Gray,Black,None reported,Yes,"$16,900"
Volkswagen,Golf GTI 2.0T S 4-Door,2016,"89,000 mi.",Gasoline,210.0HP 2.0L 4 Cylinder Engine Gasoline Fuel,6-Speed M/T,Silver,Black,None reported,Yes,"$14,500"
Dodge,Challenger R/T Scat Pack,2022,"1,240 mi.",Gasoline,6.4L V8 16V MPFI OHV,8-Speed Automatic,Go Mango!,Black,None reported,,"$53,900"
Lincoln,Navigator L Reserve,2019,"67,073 mi.",Gasoline,450.0HP 3.5L V6 Cylinder Engine Gasoline Fuel,10-Speed A/T,Black,Black,At least 1 accident or damage reported,Yes,"$47,999"
Maserati,Ghibli S Q4,2015,"28,700 mi.",Gasoline,404.0HP 3.0L V6 Cylinder Engine Gasoline Fuel,8-Speed A/T,White,Red,,,"$24,900"
Tesla,Model X Base,2023,"8,200 mi.",,670.0HP Electric Motor Electric Fuel System,A/T,Black,Black,None reported,Yes,"$93,999"
Mercedes-Benz,AMG G 63 Base,2018,"41,000 mi.",Gasoline,563.0HP 5.5L 8 Cylinder Engine Gasoline Fuel,Transmission w/Dual Shift Mode,Gray,Black,None reported,Yes,"$108,900"
Ford,Expedition Limited,2018,"98,995 mi.",Gasoline,3.5 Liter GTDI,Automatic,Ingot Silver Metallic,Ebony,None reported,,"$34,998"
Volkswagen,Routan SE,2012,"123,815 mi.",Gasoline,283.0HP 3.6L V6 Cylinder Engine Gasoline Fuel,6-Speed A/T,Black,Gray,None reported,Yes,"$5,000"
Bugatti,Veyron 16.4 Grand Sport,2011,"6,330 mi.",Gasoline,8.0L W16 64V GDI DOHC Twin Turbo,7-Speed Automatic with Auto-Shift,White,White,None reported,Yes,"$1,950,995"
Toyota,Highlander XLE,2020,"61,341 mi.",Gasoline,3.5L V6 24V PDI DOHC,8-Speed Automatic,Midnight Black Metallic,Black,At least 1 accident or damage reported,,"$34,084"
Honda,Civic LX,2016,"96,473 mi.",Gasoline,2.0L I4 16V MPFI DOHC,Automatic CVT,Black,Black,None reported,,"$15,599"
Jeep,Wrangler Unlimited Sahara,2017,"66,107 mi.",Gasoline,3.6L V6 24V MPFI DOHC,5-Speed Automatic,Black Clearcoat,Black,None reported,,"$31,331"
Land,Rover Range Rover Supercharged,2008,"114,287 mi.",Gasoline,400.0HP 4.2L 8 Cylinder Engine Gasoline Fuel,6-Speed A/T,Black,Black,None reported,Yes,"$9,900"
Acura,ILX 2.0L w/Premium Package,2015,"75,000 mi.",Gasoline,150.0HP 2.0L 4 Cylinder Engine Gasoline Fuel,5-Speed A/T,Gold,Beige,None reported,Yes,"$14,500"
BMW,M6 Base,2016,"45,800 mi.",Gasoline,560.0HP 4.4L 8 Cylinder Engine Gasoline Fuel,7-Speed A/T,Gold,Black,,,"$36,800"
Polestar,2 Launch Edition,2021,"12,172 mi.",,Electric,1-Speed Automatic,Thunder Gray,Charcoal,None reported,,"$35,999"
BMW,X6 sDrive35i,2016,"70,582 mi.",Gasoline,300.0HP 3.0L Straight 6 Cylinder Engine Gasoline Fuel,8-Speed A/T,Black,White,At least 1 accident or damage reported,Yes,"$35,000"
Porsche,Cayman S,2014,"33,088 mi.",Gasoline,325.0HP 3.4L Flat 6 Cylinder Engine Gasoline Fuel,7-Speed A/T,Black,Black,None reported,Yes,"$49,750"
Lincoln,Corsair Grand Touring,2021,"1,850 mi.",Plug-In Hybrid,266.0HP 2.5L 4 Cylinder Engine Plug-In Electric/Gas,CVT Transmission,Silver,Beige,None reported,Yes,"$49,000"
Cadillac,DTS Luxury II,2008,"94,155 mi.",Gasoline,275.0HP 4.6L 8 Cylinder Engine Gasoline Fuel,4-Speed A/T,White,Beige,None reported,Yes,"$10,500"
Cadillac,ATS 3.6L Luxury,2016,"25,000 mi.",Gasoline,335.0HP 3.6L V6 Cylinder Engine Gasoline Fuel,8-Speed A/T,Red,Beige,None reported,Yes,"$17,999"
GMC,Sierra 1500 SLT,2016,"99,500 mi.",Gasoline,355.0HP 5.3L 8 Cylinder Engine Gasoline Fuel,8-Speed A/T,Gray,Black,None reported,Yes,"$27,995"
INFINITI,G37 x,2009,"158,564 mi.",Gasoline,328.0HP 3.7L V6 Cylinder Engine Gasoline Fuel,A/T,Blue,Beige,None reported,Yes,"$8,750"
Ford,Transit-350 XLT,2023,"20,000 mi.",Gasoline,310.0HP 3.5L V6 Cylinder Engine Gasoline Fuel,10-Speed A/T,Black,Black,None reported,Yes,"$78,499"
Cadillac,XTS Luxury,2018,"46,711 mi.",Gasoline,304.0HP 3.6L V6 Cylinder Engine Gasoline Fuel,6-Speed A/T,Silver,Black,At least 1 accident or damage reported,Yes,"$20,850"
Nissan,NV Passenger NV3500 HD SL V8,2017,"46,496 mi.",Gasoline,375.0HP 5.6L 8 Cylinder Engine Gasoline Fuel,A/T,Black,Gray,None reported,Yes,"$41,000"
Mercedes-Benz,GLS 450 Base 4MATIC,2019,"19,800 mi.",Gasoline,362.0HP 3.0L V6 Cylinder Engine Gasoline Fuel,9-Speed A/T,Silver,Black,None reported,Yes,"$53,800"
Toyota,Land Cruiser Base,2008,"175,000 mi.",Gasoline,381.0HP 5.7L 8 Cylinder Engine Gasoline Fuel,6-Speed A/T,Black,Beige,At least 1 accident or damage reported,Yes,"$37,900"
Toyota,Land Cruiser Base,2016,"61,500 mi.",Gasoline,381.0HP 5.7L 8 Cylinder Engine Gasoline Fuel,8-Speed A/T,White,Black,None reported,Yes,"$63,500"
RAM,ProMaster 2500 Window Van High Roof,2016,"49,750 mi.",Gasoline,280.0HP 3.6L V6 Cylinder Engine Gasoline Fuel,6-Speed A/T,Black,Gray,None reported,Yes,"$65,000"
Lamborghini,Gallardo Base,2007,"38,800 mi.",Gasoline,493.0HP 5.0L 10 Cylinder Engine Gasoline Fuel,Transmission w/Dual Shift Mode,Orange,Orange,None reported,Yes,"$100,000"
Lincoln,MKZ Base,2011,"83,765 mi.",Gasoline,263.0HP 3.5L V6 Cylinder Engine Gasoline Fuel,A/T,Black,Black,None reported,Yes,"$8,995"
Mercedes-Benz,EQS 450 4MATIC,2023,"7,388 mi.",,355.0HP Electric Motor Electric Fuel System,1-Speed A/T,Gray,Beige,None reported,Yes,"$105,500"
Lamborghini,Huracan Tecnica Coupe,2023,278 mi.,Gasoline,"5.2L V-10 gasoline direct injection, DOHC, variable valve contro",Automatic,Bianco Monocerus,Nero Ade,None reported,,"$359,991"
Alfa,Romeo Giulia Quadrifoglio,2022,"1,966 mi.",Gasoline,2.9L V6 24V GDI DOHC Twin Turbo,8-Speed Automatic,Verde,Black,None reported,,"$75,900"
Chevrolet,Trailblazer LT,2021,"50,648 mi.",Gasoline,1.2L I3 12V GDI DOHC Turbo,Automatic CVT,Pacific Blue Metallic,Jet Black,None reported,,"$23,995"
Toyota,Land Cruiser Base,1993,"231,500 mi.",–,–,A/T,White,Gray,None reported,Yes,"$29,500"
Lamborghini,Urus Base,2021,"13,692 mi.",Gasoline,641.0HP 4.0L 8 Cylinder Engine Gasoline Fuel,8-Speed A/T,Black,Red,None reported,Yes,"$257,000"
INFINITI,G37 x,2013,"60,058 mi.",Gasoline,328.0HP 3.7L V6 Cylinder Engine Gasoline Fuel,A/T,White,Beige,At least 1 accident or damage reported,Yes,"$15,000"
Maserati,Levante S,2017,"54,423 mi.",Gasoline,424.0HP 3.0L V6 Cylinder Engine Gasoline Fuel,8-Speed A/T,Black,Black,None reported,Yes,"$33,950"
Toyota,Highlander Limited,2022,"24,001 mi.",Gasoline,3.5L V6 24V PDI DOHC,8-Speed Automatic,Wind Chill Pearl,Graphite,None reported,,"$47,498"
Nissan,Armada SL,2022,"14,735 mi.",Gasoline,5.6 Liter,Automatic,White,Black,None reported,,"$50,998"
Audi,Q5 Premium,2023,"2,425 mi.",Hybrid,2.0 Liter TFSI,Automatic,Mythos Black,–,None reported,,"$42,998"
Ford,Shelby GT500 Base,2022,"2,050 mi.",Gasoline,760.0HP 5.2L 8 Cylinder Engine Gasoline Fuel,Transmission w/Dual Shift Mode,Gray,Black,None reported,Yes,"$94,999"
Lincoln,Navigator L Reserve,2019,"64,855 mi.",Gasoline,450.0HP 3.5L V6 Cylinder Engine Gasoline Fuel,10-Speed A/T,Silver,Beige,None reported,Yes,"$46,995"
Mercedes-Benz,EQS 450+ Base,2022,"16,238 mi.",,329.0HP Electric Motor Electric Fuel System,1-Speed A/T,White,Beige,None reported,Yes,"$62,479"
RAM,1500 Laramie,2022,"18,051 mi.",Gasoline,5.7L V8 16V MPFI OHV,Automatic,Patriot Blue Pearlcoat,Black,None reported,Yes,"$47,995"
Lincoln,Town Car Base,2004,"36,524 mi.",Gasoline,239.0HP 4.6L 8 Cylinder Engine Gasoline Fuel,4-Speed A/T,Black,Black,None reported,Yes,"$14,900"
Acura,TLX w/A-Spec Package,2022,"14,896 mi.",Gasoline,2.0 Liter DOHC Turbo,2,Lunar Silver Metallic,Ebony,None reported,,"$39,998"
Toyota,Camry Hybrid LE,2022,"14,048 mi.",Hybrid,2.5L I4 16V PDI DOHC Hybrid,Automatic CVT,Black,Black,None reported,,"$29,999"
Honda,CR-V EX,2003,"224,000 mi.",Gasoline,160.0HP 2.4L 4 Cylinder Engine Gasoline Fuel,M/T,Black,Gray,None reported,Yes,"$3,900"
